Method	Namespace	FMax	Precision	Recall	Tau
Blast	biological_process	0.23031362204125325	0.27960388659729446	0.19579729111391828	0.06
Blast	cellular_component	0.4263239338293282	0.5210181586388609	0.36075693287732863	0.06
Blast	molecular_function	0.4181513698121967	0.5620153921082068	0.33292868621751603	0.02
