Method	Namespace	FMax	Precision	Recall	Tau
Blast	molecular_function	0.3580582152676514	0.5620153921082068	0.26271727788815225	0.02
Blast	cellular_component	0.37123114713946254	0.5210181586388609	0.2883373255339244	0.06
Blast	biological_process	0.20196991450418939	0.27960388659729446	0.1580783550716436	0.06
