Method	Namespace	FMax	Precision	Recall	Tau
Blast	cellular_component	0.5995342765826529	0.6250548990640105	0.576015887970436	0.23
Blast	molecular_function	0.6311622310102707	0.7066275118739723	0.5702604614555079	0.33
Blast	biological_process	0.5032589261625494	0.5814793363728009	0.44358765927136296	0.47
