Method	Namespace	FMax	Precision	Recall	Tau
Blast	molecular_function	0.42396053418479274	0.5677764347838185	0.3382762694583798	0.11
Blast	biological_process	0.22910424166421536	0.27450286001407675	0.19659105640842436	0.12
Blast	cellular_component	0.4320699045384969	0.5192921929627989	0.3699343298908329	0.01
