Method	Namespace	FMax	Precision	Recall	Tau
interpro	molecular_function	0.5722544365267512	0.6726527900797165	0.49793412316341584	0.21
interpro	biological_process	0.22897590055550188	0.21151404840340707	0.24958037398653057	0.1
interpro	cellular_component	0.5518502709080473	0.5493464037029646	0.5543770673864117	0.17
