Method	Namespace	FMax	Precision	Recall	Tau
XGBoost	cellular_component	0.5638078669308247	0.48725510652781334	0.6688986923369519	0.1
XGBoost	biological_process	0.27912486019021815	0.25528445391567073	0.3078767340711115	0.01
XGBoost	molecular_function	0.6411513616678102	0.682450880729583	0.6045652086372696	0.7
