Method	Namespace	FMax	Precision	Recall	Tau
XGBoost	molecular_function	0.639853215938976	0.6828477479148061	0.6019521590362683	0.73
XGBoost	cellular_component	0.5636741583210639	0.4876737919815725	0.6677358729233346	0.13
XGBoost	biological_process	0.279041412439324	0.25546218951749255	0.30741598330550785	0.03
