Method	Namespace	FMax	Precision	Recall	Tau
Naive	molecular_function	0.5894028391088144	0.68971477960242	0.5145646836142012	0.2
Naive	cellular_component	0.5747536022304761	0.6428748451053284	0.5196858875234017	0.21
Naive	biological_process	0.23714907052994808	0.19799397655157577	0.2956082714073174	0.09
