Method	Namespace	FMax	Precision	Recall	Tau
XGBoost	molecular_function	0.6392473618529224	0.6750927979161048	0.6070165725344168	0.6
XGBoost	cellular_component	0.5631706185032945	0.48588422073832294	0.6696945057684243	0.01
XGBoost	biological_process	0.2791615410159304	0.25529732950882716	0.3079472658809577	0.01
