Method	Namespace	FMax	Precision	Recall	Tau
Blast	molecular_function	0.8972014724111336	0.9020820820138074	0.8923733905481648	0.33
Blast	biological_process	0.853848482306166	0.8524794966940737	0.8552218718624739	0.33
Blast	cellular_component	0.9096790556255184	0.9055308581218817	0.9138654334565144	0.33
