Method	Namespace	FMax	Precision	Recall	Tau
Blast	molecular_function	0.29902529166896163	0.7924782444967242	0.1842797178379236	0.14
Blast	biological_process	0.296713708755047	0.689505459271255	0.18902915038227044	0.12
Blast	cellular_component	0.3040103614076294	0.788651927863472	0.18829779519353418	0.12
