Method	Namespace	FMax	Precision	Recall	Tau
Blast	cellular_component	0.14426894234858276	0.5227990867399495	0.08368048954776314	0.01
Blast	biological_process	0.07661787408367292	0.2550216862615188	0.04508091821303974	0.01
Blast	molecular_function	0.14177623396609243	0.5567311147909032	0.08123122196155905	0.01
