Method	Namespace	FMax	Precision	Recall	Tau
Blast	molecular_function	0.41649086539114616	0.5705791275670922	0.32793112809838065	0.12
Blast	cellular_component	0.4236507430493883	0.5189857828430293	0.35790535568994614	0.07
Blast	biological_process	0.22500971687115898	0.2775769526413866	0.18918252604806507	0.1
